rank,trial_id,val_loss,num_layers,activation_func,dropout_rate,batchnorm,units_l0,learning_rate,optimizer_name,batch_size,units_l1,units_l2,units_l3,units_l4,weight_decay
1,01,0.5032761096954346,2,elu,0.0,False,64,0.0013587423592826974,nadam,32,32.0,,,,
2,11,0.5043719410896301,2,leaky_relu,0.4,True,256,0.00044451511169648424,adam,256,64.0,32.0,128.0,32.0,1.378325842049927e-05
3,45,0.5047604441642761,1,relu,0.4,True,64,0.0004118885383206313,adam,256,64.0,64.0,128.0,32.0,0.00013497541900983517
4,17,0.5062513947486877,1,leaky_relu,0.0,True,512,0.00011713931734866923,rmsprop,1024,128.0,32.0,32.0,512.0,1.847628690885215e-05
5,07,0.5071462392807007,4,elu,0.30000000000000004,True,256,0.0011755140323423952,adam,64,512.0,32.0,32.0,64.0,0.00022261711101035104
6,38,0.5080618858337402,2,elu,0.30000000000000004,True,512,0.0004442955470888697,adam,512,64.0,512.0,128.0,512.0,0.00024186545482647747
7,48,0.5093426704406738,2,leaky_relu,0.2,True,128,0.0003243609555320197,adam,128,512.0,128.0,128.0,32.0,0.0003148079776199842
8,35,0.5093980431556702,3,elu,0.1,True,512,0.0018018826900023162,adam,256,128.0,128.0,512.0,32.0,0.0006590783805543402
9,44,0.510315477848053,2,leaky_relu,0.30000000000000004,True,32,0.00014160737874593563,adam,32,256.0,32.0,32.0,128.0,0.00019437927512331517
10,39,0.5118415355682373,2,leaky_relu,0.2,True,128,0.00035587387633461375,adam,128,64.0,128.0,128.0,128.0,0.00018326492173221213
11,36,0.5119804739952087,3,leaky_relu,0.4,True,512,0.004061956964369661,adam,512,128.0,512.0,256.0,32.0,0.0002618783748782882
12,34,0.512428343296051,1,elu,0.30000000000000004,True,64,0.0003271739205768162,adamw,64,512.0,64.0,64.0,128.0,5.792676627629467e-05
13,04,0.5127402544021606,3,relu,0.2,True,128,0.00012236379428192165,nadam,32,256.0,256.0,32.0,128.0,
14,46,0.5127654671669006,1,relu,0.30000000000000004,True,128,0.0001,adam,128,128.0,128.0,32.0,128.0,1e-05
15,33,0.5130751729011536,1,elu,0.4,False,128,0.0011706801614071447,nadam,32,64.0,128.0,128.0,256.0,0.0007216386468332446
16,29,0.5141353607177734,3,leaky_relu,0.4,True,32,0.0015865794029742645,adam,32,256.0,128.0,512.0,64.0,0.000326830596509862
17,15,0.5145646333694458,3,elu,0.0,True,512,0.00018702715280418566,nadam,1024,512.0,64.0,256.0,256.0,2.3738324900758812e-05
18,06,0.5150604248046875,1,relu,0.1,True,512,0.00012477735045546525,rmsprop,1024,256.0,256.0,256.0,128.0,0.00024174314667387863
19,43,0.5163919925689697,2,leaky_relu,0.30000000000000004,True,512,0.0002456692375470256,adam,512,32.0,256.0,256.0,32.0,6.728883867382582e-05
20,42,0.5180034637451172,1,elu,0.30000000000000004,True,128,0.0012559683248449076,rmsprop,64,128.0,512.0,512.0,128.0,0.001
21,40,0.5237064361572266,1,leaky_relu,0.1,True,32,0.0007186126749249099,adamw,32,128.0,128.0,128.0,128.0,0.00011804527620558978
22,00,0.524206280708313,1,elu,0.1,True,32,0.0007015644123562024,rmsprop,32,,,,,
23,23,0.5256989598274231,2,relu,0.2,False,32,0.00018055209590750966,adam,64,128.0,128.0,256.0,256.0,0.0005906654353027764
24,08,0.5277761816978455,4,leaky_relu,0.1,True,64,0.00010092093153088398,nadam,128,32.0,256.0,512.0,64.0,4.384295438842172e-05
25,09,0.5284031629562378,2,leaky_relu,0.2,False,64,0.00763867989892076,nadam,32,256.0,512.0,256.0,512.0,0.00010524200354113808
26,22,0.5284433364868164,1,elu,0.0,True,64,0.0017293387615483521,adam,64,512.0,32.0,512.0,128.0,0.0003451000688272909
27,49,0.531193196773529,2,leaky_relu,0.30000000000000004,True,256,0.0001,adam,512,128.0,32.0,32.0,32.0,9.32242642270059e-05
28,41,0.5317143201828003,1,elu,0.1,True,256,0.00013467514436237203,rmsprop,128,256.0,64.0,64.0,128.0,9.201940959530318e-05
29,03,0.5388016700744629,4,relu,0.0,True,128,0.0003219193613684285,nadam,32,128.0,32.0,64.0,64.0,
30,28,0.5388818383216858,4,leaky_relu,0.4,True,64,0.00030495366065574897,adamw,512,64.0,32.0,32.0,32.0,9.51193371701604e-05
31,24,0.5432536005973816,2,relu,0.30000000000000004,False,32,0.006290880081587463,nadam,128,64.0,32.0,64.0,32.0,2.1361859002156093e-05
32,13,0.5443403720855713,3,elu,0.0,True,256,0.004612438463359445,adamw,512,512.0,512.0,256.0,128.0,0.00010048359048804426
33,30,0.5580030679702759,5,relu,0.0,True,256,0.0005522541253612088,adam,64,64.0,32.0,128.0,32.0,1.5999185876001565e-05
34,31,0.5674251317977905,3,leaky_relu,0.30000000000000004,True,32,0.00012385629745678334,nadam,1024,128.0,128.0,512.0,256.0,4.649990608657376e-05
35,47,0.5771421790122986,1,elu,0.4,True,64,0.00044747096371975693,adamw,32,64.0,128.0,64.0,512.0,0.0007111006954563866
36,10,0.5824631452560425,4,leaky_relu,0.4,True,32,0.007282286591355298,adamw,32,512.0,128.0,64.0,64.0,0.0003177329631115522
37,18,0.6025916934013367,2,elu,0.30000000000000004,True,128,0.0035672600054176083,adam,256,256.0,64.0,512.0,512.0,1.0058510302379001e-05
38,14,0.6060094833374023,5,leaky_relu,0.1,False,64,0.00025460861074601504,rmsprop,512,64.0,128.0,32.0,512.0,9.254758811673509e-05
39,05,0.6244222521781921,1,leaky_relu,0.0,False,32,0.00014110241885032892,adamw,1024,32.0,32.0,32.0,128.0,1e-05
40,26,0.6313825845718384,4,leaky_relu,0.2,False,256,0.0019639534347503356,rmsprop,512,256.0,256.0,128.0,512.0,1.533590754695527e-05
41,37,0.657412052154541,2,leaky_relu,0.0,False,512,0.0029924576819477266,adam,512,32.0,32.0,64.0,512.0,0.00023140085869780594
42,12,0.6588411331176758,5,leaky_relu,0.1,False,128,0.0005199063402777819,rmsprop,256,128.0,64.0,128.0,32.0,1.2799503053628319e-05
43,16,0.6897459030151367,3,leaky_relu,0.2,False,128,0.00018807614889519808,adamw,128,512.0,128.0,64.0,64.0,2.1714970665428015e-05
44,21,0.6904082894325256,5,relu,0.0,False,128,0.0024351489061066756,nadam,1024,256.0,64.0,64.0,256.0,0.00035864828051909443
45,27,0.6920427680015564,5,leaky_relu,0.30000000000000004,False,512,0.0035191994657725076,adam,512,256.0,256.0,32.0,256.0,0.0001486900094979933
46,25,0.6925630569458008,4,elu,0.4,False,128,0.0001002972270205453,nadam,512,256.0,512.0,128.0,128.0,0.000239138883969472
47,32,0.6934473514556885,3,relu,0.1,False,256,0.00011471792180824663,nadam,64,128.0,512.0,64.0,512.0,9.833354050242252e-05
48,02,0.6950405240058899,5,relu,0.4,False,64,0.002493122474929987,nadam,128,128.0,32.0,32.0,32.0,
49,20,0.7184239029884338,2,elu,0.4,False,128,0.00031457995523847436,rmsprop,1024,512.0,32.0,512.0,128.0,5.724038705530789e-05
50,19,0.7714493274688721,1,elu,0.4,False,256,0.0009695341527109563,adamw,32,128.0,32.0,64.0,32.0,4.788707252986142e-05
